Date,Socrata Users,Socrata Sessions,Socrata Bounce Rate,Geohub Users,Geohub Sessions,Geohub Bounce Rate,Combined Users
8/7/2017,386,439,13.44,193,214,30.37,579
4/21/2017,354,422,16.11,115,133,39.85,469
2/26/2018,634,706,21.1,321,353,28.9,955
6/26/2016,136,148,0,44,54,51.85,180
6/28/2017,367,417,18.7,232,253,36.36,599
8/21/2017,300,342,15.2,158,185,51.89,458
7/20/2017,351,403,18.11,180,209,38.76,531
2/10/2018,239,269,29,107,114,25.44,346
4/12/2016,384,430,4.42,158,198,44.44,542
9/25/2014,203,282,49.29,,,,
5/9/2016,325,383,2.35,126,155,50.97,451
6/19/2014,229,301,48.17,,,,
8/20/2018,615,688,25.15,269,308,25.65,884
9/27/2016,371,417,0.24,164,185,45.41,535
6/3/2015,325,359,12.53,,,,
11/10/2017,306,334,20.06,154,178,30.9,460
3/17/2017,294,331,14.8,110,122,37.7,404
4/23/2017,153,162,21.6,75,81,32.1,228
8/6/2015,436,467,4.07,,,,
12/28/2017,317,365,13.97,131,138,26.09,448
6/9/2015,334,408,11.27,,,,
7/3/2017,269,299,14.05,131,140,31.43,400
1/14/2018,210,251,22.31,106,120,25,316
11/8/2017,442,498,17.67,281,328,29.88,723
12/17/2017,126,141,24.82,80,87,28.74,206
8/18/2017,297,349,14.9,132,144,38.19,429
7/6/2014,75,81,33.33,,,,
1/30/2018,495,559,16.28,295,342,29.53,790
1/3/2015,45,49,63.27,,,,
3/7/2015,108,117,0,,,,
12/5/2017,472,543,23.57,334,399,23.81,806
10/27/2015,457,552,8.15,,,,
2/10/2015,206,236,50.42,,,,
1/22/2017,163,195,16.92,48,58,37.93,211
9/12/2017,421,486,18.72,409,446,36.32,830
5/24/2015,100,107,10.28,,,,
5/1/2017,392,439,13.67,151,168,35.12,543
1/11/2018,417,492,16.87,228,253,28.46,645
10/25/2014,73,112,37.5,,,,
9/12/2015,105,118,5.93,,,,
12/6/2017,434,493,20.69,490,556,15.65,924
7/9/2018,651,745,31.41,406,452,22.12,1057
8/24/2017,316,360,15.28,190,215,33.95,506
7/5/2017,370,435,12.18,206,239,33.47,576
12/13/2015,100,106,6.6,,,,
5/14/2017,116,146,16.44,54,62,32.26,170
10/29/2014,152,187,43.32,,,,
3/15/2017,355,431,10.67,157,188,37.77,512
5/13/2016,277,324,4.32,75,86,47.67,352
6/21/2017,393,442,22.4,159,183,36.61,552
2/2/2015,217,266,48.12,,,,
8/22/2017,398,428,14.49,205,226,42.48,603
4/16/2017,133,156,19.87,46,51,49.02,179
4/1/2017,195,256,8.98,64,82,39.02,259
11/26/2017,209,237,20.68,92,99,25.25,301
5/4/2017,353,396,12.88,126,145,42.07,479
12/14/2016,303,335,0.9,114,130,46.15,417
3/9/2015,269,328,3.66,,,,
8/16/2015,257,264,4.17,,,,
1/19/2017,347,393,9.16,126,144,42.36,473
12/21/2014,50,60,61.67,,,,
7/26/2017,321,367,14.71,183,201,45.27,504
11/21/2015,95,107,3.74,,,,
3/26/2017,118,132,10.61,73,89,42.7,191
4/7/2017,302,347,13.83,119,136,36.76,421
7/24/2014,151,182,43.96,,,,
12/5/2014,125,159,42.77,,,,
6/30/2018,201,222,33.33,124,133,20.3,325
6/2/2017,297,349,10.6,138,164,30.49,435
4/13/2015,464,527,17.84,,,,
10/5/2017,410,475,14.53,194,240,29.58,604
5/26/2017,253,287,6.62,119,138,45.65,372
12/29/2017,263,300,18.33,105,122,30.33,368
6/3/2017,114,138,9.42,57,70,34.29,171
6/25/2017,109,116,17.24,53,54,31.48,162
11/3/2016,357,399,0,149,186,40.32,506
4/19/2017,385,464,16.38,189,233,42.06,574
3/2/2017,403,461,6.72,136,153,37.25,539
6/14/2017,452,514,21.01,196,226,39.82,648
12/31/2016,81,83,3.61,15,17,47.06,96
7/15/2015,398,433,5.77,,,,
6/5/2017,375,435,13.79,149,168,44.64,524
5/17/2017,344,397,12.59,176,199,41.71,520
2/16/2018,406,466,22.96,227,244,31.56,633
10/10/2015,133,153,6.54,,,,
7/8/2017,187,195,19.49,74,78,38.46,261
2/5/2015,211,245,46.94,,,,
10/7/2016,284,338,0,148,173,41.62,432
1/28/2018,238,274,23.36,152,178,20.79,390
9/2/2017,130,150,16.67,55,58,29.31,185
11/13/2017,456,525,16.76,308,349,35.82,764
12/9/2015,312,384,5.73,,,,
7/9/2017,159,167,13.77,80,90,32.22,239
2/27/2018,648,740,19.86,304,348,27.3,952
5/31/2017,425,512,19.14,188,220,33.64,613
7/17/2017,415,478,14.64,297,327,39.14,712
5/16/2015,130,156,6.41,,,,
5/10/2017,385,427,14.52,199,236,35.59,584
10/15/2017,180,205,14.15,86,104,40.38,266
8/2/2015,209,225,1.78,,,,
2/6/2018,616,739,17.86,310,349,26.07,926
2/24/2017,319,363,8.54,93,106,48.11,412
7/30/2018,684,757,26.68,312,349,21.78,996
6/9/2017,334,368,15.76,112,122,41.8,446
11/3/2017,389,454,16.96,205,239,37.24,594
9/23/2017,149,194,24.74,119,147,23.13,268
12/21/2017,348,392,13.52,147,170,40,495
4/2/2017,155,164,16.46,56,61,45.9,211
4/2/2015,248,289,5.19,,,,
5/9/2017,385,444,14.64,156,180,40.56,541
10/18/2014,32,35,60,,,,
11/2/2015,400,475,6.74,,,,
5/25/2016,386,434,2.76,131,152,38.16,517
9/24/2015,338,411,5.35,,,,
10/28/2017,146,165,25.45,68,72,23.61,214
10/4/2017,476,546,13.19,262,306,28.43,738
7/22/2018,236,267,34.83,174,192,28.65,410
9/17/2017,169,195,20.51,118,151,29.14,287
5/31/2016,377,427,3.51,109,134,42.54,486
1/5/2015,160,196,54.08,,,,
12/30/2017,111,122,17.21,47,56,32.14,158
4/30/2016,145,156,5.13,38,41,46.34,183
4/22/2016,300,338,3.25,121,146,41.78,421
11/24/2014,162,200,45,,,,
6/16/2016,329,361,2.49,118,143,48.25,447
3/19/2017,157,172,17.44,76,86,39.53,233
9/8/2017,346,392,14.8,216,270,30.37,562
6/26/2017,349,405,14.81,177,200,41,526
3/15/2015,128,143,2.1,,,,
2/19/2018,475,534,31.09,233,262,25.57,708
9/6/2016,352,401,0,114,134,41.79,466
1/13/2018,181,212,22.17,94,98,17.35,275
4/14/2017,273,306,8.17,118,139,31.65,391
2/24/2018,219,242,21.9,114,125,20.8,333
11/13/2014,150,177,43.5,,,,
11/29/2016,424,476,1.89,192,216,37.96,616
9/5/2016,147,166,0,51,66,51.52,198
7/1/2014,208,279,44.8,,,,
8/13/2016,97,108,0,26,26,57.69,123
11/22/2017,306,348,16.09,167,193,33.68,473
4/8/2016,292,324,2.47,161,191,43.98,453
5/16/2017,335,375,12.53,160,188,38.83,495
6/11/2017,131,141,18.44,64,71,43.66,195
9/10/2017,164,191,17.8,108,139,33.81,272
9/9/2015,302,374,5.08,,,,
12/4/2017,483,556,16.91,328,373,23.32,811
5/11/2017,360,414,11.11,172,203,37.44,532
12/8/2017,348,392,18.88,220,245,22.04,568
1/19/2018,395,467,18.2,218,237,30.8,613
2/17/2017,360,415,13.98,116,136,39.71,476
6/15/2017,399,467,15.85,153,168,39.88,552
8/10/2017,325,365,15.07,206,226,39.82,531
9/25/2017,396,454,13.44,249,299,35.12,645
2/25/2017,112,128,7.81,45,53,41.51,157
1/5/2018,367,412,15.78,172,201,25.87,539
7/5/2018,713,811,36.5,1005,1102,9.71,1718
7/17/2014,143,173,41.62,,,,
2/14/2018,524,607,22.08,348,413,25.18,872
2/16/2017,363,406,12.56,158,191,43.46,521
3/17/2015,266,295,4.41,,,,
2/1/2018,590,673,18.87,291,337,28.19,881
11/22/2016,357,420,0,140,166,41.57,497
9/7/2014,55,59,62.71,,,,
6/1/2017,393,459,14.38,165,194,37.63,558
10/6/2015,358,465,9.68,,,,
9/20/2017,420,489,13.09,362,405,24.44,782
1/29/2018,562,651,18.89,289,340,23.82,851
11/11/2017,162,192,21.35,101,124,32.26,263
9/30/2014,167,200,45,,,,
6/19/2017,373,441,17.69,156,180,42.22,529
10/14/2014,209,255,39.22,,,,
2/11/2017,129,150,6,25,31,54.84,154
2/1/2016,346,388,4.9,125,150,49.33,471
4/13/2017,350,408,12.99,164,184,36.96,514
11/25/2015,276,318,7.55,,,,
2/22/2015,80,95,58.95,,,,
10/24/2017,468,527,18.22,291,337,28.49,759
6/2/2015,329,405,9.63,,,,
7/16/2017,130,142,16.2,134,165,47.88,264
8/25/2017,262,297,13.47,155,185,35.68,417
1/10/2016,133,147,0.68,,,,
1/12/2015,200,253,46.64,,,,
12/3/2016,145,167,0,44,60,20,189
10/2/2014,150,190,48.42,,,,
2/2/2018,453,549,22.04,245,274,29.2,698
7/15/2017,113,125,16,256,266,52.26,369
11/29/2015,137,156,7.69,,,,
10/7/2014,153,194,47.94,,,,
1/19/2015,120,136,61.76,,,,
1/24/2018,557,659,16.54,293,331,22.96,850
10/20/2017,336,389,10.54,162,195,29.74,498
12/15/2014,170,201,51.74,,,,
7/13/2016,280,319,0,171,212,48.11,451
1/14/2015,201,253,49.8,,,,
9/3/2018,344,367,39.78,5,5,80,349
8/28/2017,346,385,11.17,230,249,36.95,576
10/2/2017,448,487,17.66,219,252,38.89,667
3/8/2015,96,115,3.48,,,,
4/18/2015,170,184,4.89,,,,
10/24/2015,115,137,8.03,,,,
7/27/2015,353,392,5.61,,,,
8/14/2017,369,420,15,197,222,40.99,566
3/6/2015,212,240,5.42,,,,
3/11/2017,128,142,12.68,28,31,16.13,156
4/15/2017,132,150,22.67,38,45,40,170
6/5/2015,498,556,7.91,,,,
4/9/2017,126,135,10.37,85,90,43.33,211
2/7/2016,115,132,6.82,69,82,51.22,184
1/23/2015,185,240,49.58,,,,
10/11/2015,232,254,2.76,,,,
10/15/2015,338,457,5.03,,,,
11/23/2017,125,146,17.81,89,103,44.66,214
6/8/2014,113,131,54.96,,,,
3/30/2017,336,372,9.41,157,180,36.11,493
1/4/2018,389,439,19.36,203,221,20.36,592
2/20/2018,626,715,22.24,343,389,27.25,969
2/3/2018,170,195,22.05,108,128,25.78,278
1/13/2017,276,311,8.04,81,92,44.57,357
8/17/2018,466,536,30.22,237,254,21.65,703
12/15/2017,321,369,13.01,169,195,28.72,490
6/6/2017,384,438,12.33,147,175,37.71,531
2/22/2017,446,503,10.74,179,217,41.01,625
8/23/2015,183,189,4.76,,,,
7/13/2017,415,477,12.79,297,332,51.51,712
4/18/2017,393,461,13.02,172,194,36.08,565
8/4/2017,321,393,16.28,127,133,30.83,448
9/16/2017,116,138,16.67,72,83,22.89,188
11/1/2016,327,361,0,151,190,43.16,478
7/7/2017,336,386,13.73,146,165,36.36,482
11/24/2017,182,216,14.35,95,109,26.61,277
10/27/2016,329,366,0,170,190,43.68,499
1/17/2015,61,67,58.21,,,,
12/15/2016,265,289,1.38,118,144,41.67,383
7/6/2016,351,381,0,206,232,43.97,557
5/28/2016,106,119,1.68,21,24,41.67,127
11/30/2017,488,573,21.12,239,281,29.89,727
10/13/2017,342,387,15.25,167,190,37.89,509
12/23/2017,108,122,10.66,35,39,30.77,143
9/24/2017,158,184,21.2,119,130,33.08,277
11/16/2017,459,527,17.46,247,284,30.99,706
2/28/2017,506,577,9.01,130,145,39.31,636
2/7/2017,410,458,8.3,141,155,35.48,551
7/1/2017,111,117,12.82,52,56,51.79,163
9/7/2018,558,630,26.35,2,2,100,560
8/17/2014,30,32,59.38,,,,
5/27/2015,348,401,6.98,,,,
5/2/2017,434,495,12.73,215,248,36.69,649
4/10/2017,339,386,8.29,215,254,37.01,554
3/9/2017,422,501,12.18,142,169,40.24,564
10/17/2015,105,115,3.48,,,,
5/25/2015,171,186,6.45,,,,
7/28/2018,213,248,28.23,133,141,11.35,346
11/30/2014,70,74,52.7,,,,
8/11/2018,223,243,23.05,158,165,20.61,381
7/4/2015,164,170,1.18,,,,
4/5/2017,433,500,10.8,199,228,37.72,632
12/9/2014,144,182,40.66,,,,
9/16/2016,281,319,0.31,85,101,48.51,366
4/8/2017,109,123,13.82,47,56,48.21,156
10/3/2017,424,497,14.49,190,231,34.2,614
8/4/2015,605,665,4.51,,,,
1/22/2015,282,312,54.81,,,,
11/1/2017,402,464,20.47,206,230,29.57,608
10/31/2017,429,503,14.71,216,245,36.73,645
1/31/2018,567,646,20.9,343,393,28.75,910
9/15/2016,371,404,0,162,194,43.81,533
12/5/2016,408,494,1.01,141,187,43.85,549
10/14/2015,348,479,6.47,,,,
8/26/2017,100,107,14.02,61,69,39.13,161
1/23/2018,582,675,14.07,278,322,30.12,860
12/10/2016,124,130,0,21,21,52.38,145
10/4/2015,128,145,5.52,,,,
3/21/2017,377,439,15.03,147,185,41.08,524
7/13/2015,384,411,6.57,,,,
12/7/2017,471,526,15.4,360,406,25.37,831
2/26/2017,179,207,8.7,63,83,37.35,242
9/1/2017,281,310,18.71,184,206,33.98,465
7/6/2017,387,453,14.13,202,238,32.77,589
8/19/2015,375,432,5.09,,,,
5/6/2017,110,119,11.76,53,61,29.51,163
9/29/2017,325,371,16.17,175,202,26.24,500
4/17/2016,156,173,4.62,69,81,44.44,225
3/22/2015,126,140,2.86,,,,
6/26/2018,664,760,31.18,278,321,26.79,942
1/27/2018,188,214,19.16,102,117,26.5,290
2/25/2018,248,298,24.83,151,169,24.26,399
6/29/2015,440,510,7.25,,,,
7/4/2016,148,164,0.61,81,91,42.86,229
11/9/2017,451,503,20.87,241,268,33.58,692
7/11/2017,335,399,15.79,182,212,41.04,517
7/11/2018,637,741,27.4,305,333,24.32,942
1/12/2018,357,401,15.21,212,248,30.24,569
6/30/2016,328,371,0.81,173,207,52.66,501
5/30/2017,384,467,13.92,185,227,36.12,569
8/3/2015,433,479,5.22,,,,
4/17/2017,395,449,15.14,135,157,40.13,530
1/1/2015,35,39,58.97,,,,
10/7/2017,124,142,14.08,78,88,23.86,202
1/25/2017,432,498,11.85,147,166,40.96,579
10/29/2017,219,250,28.4,94,109,33.03,313
6/20/2014,242,283,54.06,,,,
6/22/2017,342,395,17.72,167,183,37.7,509
4/14/2016,417,471,2.76,177,217,37.79,594
5/21/2017,122,136,15.44,59,66,40.91,181
9/9/2018,264,284,30.63,3,4,75,267
9/30/2016,272,302,0.33,110,117,52.99,382
11/23/2014,58,69,36.23,,,,
11/13/2015,294,361,6.65,,,,
11/8/2016,401,445,0.22,154,186,54.84,555
7/26/2015,194,210,3.33,,,,
11/26/2016,126,135,0,33,38,47.37,159
5/18/2015,300,352,6.53,,,,
5/25/2017,363,424,10.14,159,180,37.22,522
3/16/2015,323,371,3.77,,,,
4/28/2017,335,392,11.22,131,161,47.2,466
11/14/2017,513,597,14.57,256,291,34.36,769
11/2/2016,382,423,0,203,245,42.45,585
8/16/2017,335,382,12.83,189,213,34.27,524
7/7/2014,214,270,42.22,,,,
5/29/2017,147,165,11.52,87,105,50.48,234
2/21/2017,444,497,9.05,165,184,48.37,609
7/18/2017,390,462,14.07,263,304,47.7,653
11/27/2017,519,655,15.73,317,421,27.32,836
5/6/2015,389,442,8.37,,,,
3/24/2017,292,337,10.98,155,177,41.24,447
9/14/2017,417,479,16.91,216,265,35.09,633
12/10/2017,197,232,21.55,104,107,28.97,301
3/28/2017,392,457,10.94,197,226,34.07,589
1/22/2018,548,626,17.57,303,343,27.11,851
4/7/2015,318,385,7.79,,,,
3/4/2015,109,119,12.6,,,,
2/23/2018,515,585,19.15,273,313,23.32,788
2/7/2018,601,701,20.54,313,339,31.56,914
3/18/2015,277,331,6.65,,,,
12/1/2015,312,386,5.44,,,,
6/16/2017,290,324,16.67,131,154,35.71,421
11/20/2017,497,590,15.59,256,289,33.56,753
12/11/2015,246,282,4.26,,,,
2/28/2018,676,782,21.48,322,356,27.25,998
2/20/2017,271,302,9.93,123,147,44.9,394
5/18/2017,371,444,12.84,177,205,36.1,548
9/7/2017,371,418,11.48,243,283,29.33,614
7/22/2017,127,140,16.43,60,67,38.81,187
8/17/2017,314,360,10,188,209,38.28,502
7/28/2014,148,183,46.99,,,,
6/13/2017,397,462,15.15,177,208,46.63,574
10/28/2015,329,420,5,,,,
12/14/2015,304,359,3.06,,,,
11/18/2017,159,181,22.65,108,127,25.2,267
12/20/2017,371,416,16.35,165,184,33.7,536
12/9/2017,177,203,17.24,88,104,21.15,265
8/28/2014,156,197,43.15,,,,
1/18/2017,389,440,10.91,132,151,51.66,521
10/5/2016,366,423,0,224,254,47.64,590
3/12/2017,128,142,11.27,56,63,33.33,184
10/31/2015,102,117,8.55,,,,
7/3/2016,127,137,0,56,60,40,183
5/24/2017,334,376,13.83,167,199,33.67,501
6/13/2015,85,97,8.25,,,,
7/14/2014,175,221,45.7,,,,
11/22/2014,47,56,37.5,,,,
8/1/2017,403,472,11.02,184,219,30.14,587
3/5/2016,102,115,1.74,55,62,38.71,157
9/21/2017,417,482,14.32,289,340,33.82,706
11/11/2014,127,141,50.35,,,,
10/14/2017,135,158,12.66,77,80,32.5,212
8/13/2015,412,442,5.43,,,,
1/20/2018,173,199,19.1,88,100,19,261
6/17/2016,361,405,3.46,105,131,45.8,466
7/30/2017,119,134,17.16,73,80,38.75,192
6/23/2017,311,362,14.92,110,123,41.46,421
7/18/2014,148,174,38.51,,,,
7/25/2018,580,660,27.42,449,486,18.72,1029
2/6/2015,183,218,51.83,,,,
10/3/2014,127,163,44.17,,,,
10/21/2016,240,272,0,123,145,41.38,363
8/30/2017,393,435,19.54,187,208,37.98,580
6/23/2014,176,252,41.67,,,,
8/7/2016,89,95,0,40,43,48.84,129
9/24/2016,112,124,0,43,52,42.31,155
7/2/2016,100,105,0,43,49,53.06,143
6/29/2017,350,407,11.79,188,223,42.15,538
2/17/2018,218,236,24.15,122,133,25.56,340
9/26/2017,446,519,12.52,253,288,35.42,699
3/31/2016,411,467,3.43,198,237,38.82,609
9/4/2014,200,238,44.54,,,,
6/10/2017,153,185,11.89,45,51,31.37,198
5/2/2015,132,139,5.76,,,,
6/28/2014,49,51,49.02,,,,
9/19/2015,92,106,2.83,,,,
6/24/2017,113,126,19.84,35,38,39.47,148
9/15/2017,315,363,19.28,167,202,33.17,482
12/18/2017,366,425,16.71,227,252,29.37,593
5/28/2017,119,133,9.02,58,63,39.68,177
8/5/2014,171,203,44.34,,,,
2/13/2018,598,682,20.97,313,377,19.36,911
10/1/2017,153,167,13.17,81,94,36.17,234
5/27/2017,106,119,12.6,38,40,37.5,144
10/16/2015,254,305,6.23,,,,
8/12/2017,108,117,26.5,48,53,20.75,156
9/30/2017,141,153,16.34,99,109,22.94,240
3/14/2016,396,445,3.15,140,181,45.86,536
7/20/2014,58,67,64.18,,,,
10/17/2017,505,570,18.42,284,360,31.94,789
4/12/2017,409,472,16.1,186,230,27.39,595
12/30/2015,223,253,1.19,,,,
4/12/2015,191,214,14.02,,,,
1/17/2018,459,510,17.06,281,324,31.48,740
10/16/2014,143,184,48.91,,,,
4/30/2017,123,142,19.01,56,63,44.44,179
3/31/2017,342,408,10.78,135,152,35.53,477
6/8/2017,357,418,11.96,146,167,31.14,503
9/17/2015,359,466,5.58,,,,
11/29/2017,495,557,19.75,274,314,32.48,769
12/1/2014,137,170,36.47,,,,
1/21/2018,217,245,20.41,142,158,29.75,359
4/20/2017,412,476,8.82,181,204,45.1,593
6/4/2017,134,151,9.93,65,70,34.29,199
7/2/2015,429,474,6.33,,,,
9/5/2017,400,450,13.56,227,269,35.32,627
10/10/2017,448,499,16.83,241,276,33.33,689
11/21/2017,438,510,16.67,229,264,25.76,667
1/10/2018,443,515,15.92,305,340,25.88,748
7/10/2017,419,480,12.92,170,194,39.18,589
2/1/2017,358,419,7.88,152,180,52.22,510
2/14/2017,397,469,9.59,138,163,38.04,535
8/8/2015,276,292,2.4,,,,
7/28/2016,315,346,0,182,234,38.03,497
6/27/2017,384,436,13.76,202,234,35.47,586
2/24/2016,348,404,3.71,190,229,46.29,538
2/27/2017,446,508,9.84,145,176,48.3,591
9/19/2017,415,473,15.64,382,440,26.14,797
7/11/2015,186,200,6,,,,
2/24/2015,231,268,49.25,,,,
2/18/2017,132,155,12.26,58,63,46.03,190
12/15/2015,311,354,5.65,,,,
8/31/2018,455,514,26.46,216,237,23.21,671
12/4/2016,177,197,0.51,49,59,28.81,226
1/7/2017,104,114,7.89,20,22,40.91,124
1/26/2018,422,488,17.42,225,275,26.55,647
1/29/2015,236,278,50.72,,,,
3/14/2015,151,179,3.91,,,,
10/26/2016,342,394,0,169,191,42.93,511
9/22/2017,363,417,18.94,233,276,26.09,596
3/4/2017,165,193,10.36,51,54,37.04,216
12/13/2017,436,497,18.91,243,302,27.81,679
2/9/2018,437,498,16.87,261,295,28.47,698
1/3/2016,110,135,5.93,,,,
6/12/2017,392,457,19.26,150,163,34.97,542
3/18/2016,260,288,4.17,107,126,40.48,367
4/8/2015,688,848,24.29,,,,
11/5/2017,173,199,21.11,91,108,21.3,264
3/3/2017,286,321,7.48,87,105,42.86,373
6/9/2014,288,381,43.57,,,,
12/31/2014,66,73,49.32,,,,
1/15/2018,312,358,23.18,180,215,28.37,492
3/18/2017,105,119,17.65,45,46,32.61,150
8/23/2017,341,391,13.04,214,260,43.08,555
12/19/2016,308,348,3.16,108,132,43.94,416
4/16/2016,133,150,2.67,40,52,40.38,173
5/26/2016,366,411,2.92,117,136,42.65,483
1/8/2015,171,200,51.5,,,,
3/25/2017,144,162,12.96,58,67,41.79,202
3/27/2017,317,363,15.15,176,207,38.65,493
12/26/2017,245,275,18.18,98,113,37.17,343
10/22/2017,214,256,15.62,106,121,34.71,320
11/15/2017,487,557,14.18,259,324,29.63,746
1/31/2015,65,72,62.5,,,,
9/27/2017,417,479,14.4,275,323,40.56,692
2/22/2018,559,634,22.24,307,342,25.15,866
7/30/2015,399,454,6.17,,,,
2/20/2016,115,127,2.36,92,113,47.79,207
3/20/2017,385,438,10.27,154,181,43.09,539
4/4/2016,392,444,2.93,172,206,40.29,564
11/17/2016,404,466,0,154,189,45.5,558
10/3/2016,342,371,0,146,178,47.19,488
7/19/2017,372,451,13.3,302,362,46.13,674
10/19/2017,444,521,17.47,222,257,30.74,666
11/5/2014,172,221,44.34,,,,
4/22/2017,167,195,21.54,65,72,31.94,232
11/8/2015,173,199,6.53,,,,
11/18/2014,210,257,46.3,,,,
9/26/2015,114,124,5.65,,,,
8/1/2016,329,383,0,124,175,41.71,453
10/27/2017,368,423,19.15,181,199,35.18,549
9/3/2017,125,138,17.39,89,107,29.91,214
8/19/2017,102,109,12.84,69,77,31.17,171
9/18/2015,301,376,6.38,,,,
2/17/2016,359,416,3.12,384,444,41.22,743
12/21/2015,290,342,4.39,,,,
11/6/2017,460,528,18.94,234,268,31.72,694
8/29/2017,377,420,15.95,214,243,32.92,591
10/26/2017,417,464,17.03,186,216,38.43,603
9/13/2016,350,411,0,156,187,43.32,506
3/7/2017,415,506,11.07,148,161,42.86,563
4/24/2017,413,458,14.85,162,189,37.04,575
2/19/2017,154,165,9.7,52,60,31.67,206
5/3/2017,404,466,11.37,189,233,39.48,593
9/4/2017,164,178,14.04,105,128,34.38,269
10/25/2017,440,489,13.7,261,289,30.8,701
9/18/2017,396,464,18.32,236,290,28.62,632
12/27/2017,298,346,17.05,127,143,24.48,425
7/24/2017,378,442,14.48,200,221,40.72,578
10/30/2017,477,545,16.88,228,256,33.98,705
12/31/2017,96,109,11.93,60,67,31.34,156
2/4/2015,212,258,50.78,,,,
8/15/2016,303,338,0.3,121,153,37.91,424
9/25/2016,141,149,0,59,71,43.66,200
4/11/2017,381,442,15.16,158,185,40,539
12/8/2015,288,349,5.44,,,,
4/20/2015,504,598,7.69,,,,
12/31/2015,151,172,1.74,,,,
5/26/2014,50,55,41.82,,,,
1/3/2018,428,493,16.43,219,240,26.25,647
11/28/2017,458,514,16.54,329,379,29.02,787
7/25/2016,318,371,0,151,167,45.51,469
6/30/2014,193,251,46.22,,,,
11/4/2017,167,186,18.82,74,88,34.09,241
12/24/2017,83,88,15.91,44,51,31.37,127
8/9/2016,307,339,0,140,175,43.43,447
8/2/2017,356,402,18.91,220,260,38.46,576
9/13/2017,451,505,14.65,237,276,37.32,688
7/12/2017,381,450,15.11,206,237,37.55,587
5/13/2017,125,142,18.31,34,45,26.67,159
7/31/2017,371,419,16.47,165,196,25.51,536
8/28/2018,625,691,28.36,313,351,26.5,938
2/3/2016,334,384,5.21,449,550,41.45,783
2/15/2016,270,300,1.67,125,154,38.96,395
3/8/2017,388,449,14.7,152,182,42.31,540
12/14/2017,392,468,19.23,224,264,31.82,616
7/4/2017,107,122,13.11,73,79,40.51,180
3/5/2017,157,178,5.62,67,76,36.84,224
2/12/2018,619,712,21.49,353,410,24.39,972
11/15/2014,70,74,50,,,,
2/28/2015,20,23,69.57,,,,
4/24/2016,182,208,5.77,33,38,44.74,215
9/28/2017,425,483,12.01,203,236,33.05,628
6/7/2017,398,449,14.25,166,195,36.92,564
2/13/2017,393,444,8.78,134,149,45.64,527
11/1/2015,143,166,13.25,,,,
7/15/2018,249,277,29.6,142,157,15.29,391
6/18/2017,112,132,19.7,41,47,44.68,153
4/6/2017,398,457,16.19,161,184,45.11,559
8/3/2014,49,60,41.67,,,,
1/9/2017,401,454,7.71,112,126,50,513
7/23/2018,609,711,27.29,296,318,21.07,905
6/20/2015,69,83,6.02,,,,
7/19/2016,318,348,0,143,162,41.98,461
7/29/2017,121,137,14.6,53,55,23.64,174
8/13/2017,114,122,9.02,45,47,42.55,159
8/19/2016,221,260,0,100,117,46.15,321
3/24/2016,400,451,2.88,95,119,40.34,495
12/11/2017,421,493,16.02,232,262,31.3,653
11/17/2014,214,273,49.45,,,,
2/15/2015,102,113,63.72,,,,
11/23/2015,317,406,7.64,,,,
5/22/2017,386,467,11.13,147,179,35.2,533
1/17/2016,145,166,2.41,,,,
10/11/2017,446,507,14,259,298,36.91,705
7/2/2017,102,114,12.28,63,71,28.17,165
4/26/2017,444,518,11.78,181,205,39.02,625
11/5/2016,126,142,0,34,39,41.03,160
10/15/2016,117,131,0,35,36,52.78,152
7/24/2018,634,724,29.7,330,359,23.12,964
2/23/2017,414,461,10.63,158,184,38.04,572
7/28/2017,297,354,15.25,168,194,40.72,465
10/9/2017,368,421,15.91,251,286,25.17,619
1/16/2018,495,570,17.54,252,295,31.19,747
3/16/2016,347,399,3.01,161,206,41.26,508
9/9/2017,145,168,19.64,108,137,18.25,253
4/27/2017,398,460,15.87,195,222,39.64,593
2/18/2018,227,262,33.59,109,129,29.46,336
11/20/2014,208,255,47.45,,,,
3/13/2017,385,454,9.03,137,157,44.59,522
5/8/2017,410,485,12.99,156,191,41.36,566
8/21/2018,553,611,28.31,288,316,25.63,841
8/11/2016,341,375,0,152,183,41.53,493
10/18/2017,511,578,15.74,263,312,33.33,774
11/11/2016,212,242,0,60,72,47.22,272
11/12/2014,156,188,40.96,,,,
7/6/2015,427,476,7.35,,,,
12/7/2016,362,433,0.46,157,185,45.95,519
2/8/2018,569,664,20.78,310,348,28.74,879
9/24/2014,163,207,46.86,,,,
11/27/2015,148,170,9.41,,,,
1/29/2017,135,144,8.33,32,34,44.12,167
8/17/2016,299,327,0,144,174,41.95,443
8/13/2018,560,625,24.64,277,316,27.53,837
10/16/2017,434,493,17.44,247,287,29.27,681
12/25/2017,90,102,20.59,47,52,36.54,137
6/17/2017,94,103,28.16,37,45,17.78,131
4/4/2017,437,510,10,166,186,38.71,603
5/9/2015,128,155,21.94,,,,
1/9/2018,439,491,18.74,270,309,28.16,709
9/11/2017,403,469,16.2,244,280,35.71,647
10/12/2017,439,514,13.81,231,258,31.78,670
5/7/2017,149,184,17.39,71,80,37.5,220
8/27/2014,203,248,51.21,,,,
8/25/2016,300,331,0,151,199,38.69,451
11/14/2015,127,149,5.37,,,,
5/31/2015,119,129,14.73,,,,
10/14/2016,254,302,0,113,131,48.86,367
7/29/2016,248,278,0,96,116,54.31,344
5/20/2016,282,319,3.45,101,122,40.98,383
8/26/2015,373,405,4.69,,,,
1/25/2016,400,471,5.94,,,,
6/19/2016,140,151,5.3,25,28,60.71,165
7/11/2016,347,394,0,196,221,36.65,543
3/16/2017,376,426,11.03,152,181,35.91,528
1/8/2017,118,131,9.16,33,38,39.47,151
8/20/2017,113,118,15.25,68,71,29.58,181
3/28/2016,468,509,2.36,129,146,39.04,597
8/25/2014,194,244,50.82,,,,
11/19/2016,135,153,0,33,39,30.77,168
12/10/2015,272,337,4.15,,,,
8/3/2018,460,503,26.84,202,215,24.19,662
7/5/2014,46,50,42,,,,
1/11/2017,381,446,15.25,141,160,40.62,522
1/8/2018,476,540,16.48,258,295,28.14,734
11/7/2017,482,549,16.39,286,332,34.34,768
3/26/2015,280,326,4.91,,,,
12/3/2017,197,250,28,97,107,28.97,294
2/5/2018,572,667,18.44,315,358,29.33,887
8/9/2017,380,429,16.78,196,224,38.84,576
11/25/2016,110,118,0,45,48,35.42,155
2/4/2018,206,225,21.33,119,131,24.43,325
9/27/2015,148,162,6.17,,,,
7/11/2014,115,142,55.63,,,,
7/14/2017,334,393,13.74,1030,1099,54.78,1364
7/27/2017,355,413,12.59,210,238,35.29,565
10/3/2015,118,131,5.34,,,,
12/22/2017,261,298,14.77,101,112,33.93,362
6/30/2017,280,314,14.01,123,146,34.93,403
12/2/2017,210,235,17.45,91,99,32.32,301
4/25/2017,390,444,11.71,188,216,33.8,578
12/4/2015,293,352,6.53,,,,
5/23/2017,366,424,12.74,187,208,41.35,553
7/21/2017,294,360,13.61,173,197,37.06,467
11/10/2016,331,376,0.27,136,165,44.24,467
2/11/2018,210,239,28.03,153,174,21.84,363
8/31/2014,50,55,50.91,,,,
12/30/2016,162,183,1.64,34,34,38.24,196
11/12/2017,217,260,16.15,115,151,28.48,332
5/5/2017,301,358,12.01,122,141,41.84,423
12/25/2016,86,89,3.37,22,27,44.44,108
1/10/2017,340,400,7.75,133,153,37.91,473
3/10/2017,376,441,14.74,112,130,37.69,488
11/17/2017,360,449,16.48,213,247,30.36,573
5/20/2017,121,132,15.15,39,45,24.44,160
7/25/2017,401,454,11.67,235,261,33.72,636
2/21/2018,585,670,21.64,329,368,29.62,914
5/12/2017,279,314,13.69,111,118,35.59,390
3/23/2017,372,416,9.38,171,192,38.54,543
9/7/2016,337,387,0,170,208,45.67,507
11/19/2017,185,210,17.14,90,97,37.11,275
9/13/2014,51,58,62.07,,,,
7/25/2014,103,127,37.8,,,,
7/23/2017,121,136,13.97,70,75,34.67,191
1/6/2018,150,165,28.48,68,78,29.49,218
11/28/2015,92,103,4.85,,,,
4/1/2015,282,325,6.77,,,,
2/9/2017,401,465,7.1,168,208,41.83,569
6/21/2014,58,63,60.32,,,,
3/1/2017,387,426,8.45,150,178,39.89,537
2/15/2018,527,605,23.64,295,339,27.73,822
8/8/2017,405,470,13.19,181,205,33.66,586
3/13/2015,284,329,3.04,,,,
4/29/2015,339,393,6.36,,,,
8/5/2017,133,154,14.29,58,62,29.03,191
8/15/2017,354,395,13.92,184,206,38.35,538
11/2/2017,424,484,19.21,199,242,24.38,623
11/11/2015,349,385,5.19,,,,
8/6/2017,133,157,21.66,75,89,33.71,208
7/23/2016,101,119,0,31,44,38.64,132
11/15/2016,399,468,0,166,202,42.08,565
3/22/2017,386,436,11.7,174,209,39.23,560
6/11/2014,317,400,45.5,,,,
12/16/2017,147,171,19.88,72,80,32.5,219
5/15/2017,351,424,9.67,163,197,40.61,514
4/30/2015,376,476,6.51,,,,
8/31/2017,367,409,18.83,199,236,33.47,566
4/3/2017,443,543,9.58,158,194,35.05,601
8/13/2014,151,217,38.25,,,,
11/25/2017,152,168,22.02,74,82,36.59,226
3/6/2017,383,448,8.71,145,164,42.68,528
10/8/2017,170,191,12.04,80,88,35.23,250
7/2/2018,654,732,35.38,244,265,24.53,898
1/25/2018,532,606,20.3,305,344,23.84,837
8/3/2017,392,449,13.14,186,204,35.78,578
6/27/2018,626,720,33.19,318,369,24.66,944
6/14/2014,59,71,52.11,,,,
10/21/2017,169,197,20.3,79,87,27.59,248
1/1/2018,148,166,25.3,77,90,24.44,225
12/26/2016,120,129,2.33,20,21,38.1,140
8/29/2018,641,741,29.15,301,329,23.4,942
9/6/2017,381,427,16.86,216,243,29.22,597
9/18/2014,190,244,35.25,,,,
3/30/2015,362,407,2.46,,,,
8/30/2015,106,117,5.98,,,,
9/6/2015,118,139,5.04,,,,
1/2/2018,366,423,15.6,167,196,32.65,533
8/27/2017,120,132,14.39,78,85,37.65,198
10/6/2017,365,419,11.46,185,208,38.46,550
1/18/2018,485,553,18.63,273,320,31.25,758
1/7/2018,161,175,29.71,99,117,29.91,260
1/11/2015,72,79,60.76,,,,
6/20/2017,405,484,13.64,175,207,39.61,580
3/14/2017,413,454,11.01,170,192,42.19,583
3/3/2018,186,215,20,231,263,33.08,417
3/29/2017,361,410,11.95,161,181,41.99,522
12/12/2017,402,475,18.53,237,274,33.58,639
8/30/2014,40,59,50.85,,,,
8/16/2018,564,634,27.76,263,279,24.37,827
9/21/2014,57,65,47.69,,,,
7/21/2014,174,223,47.98,,,,
12/13/2016,315,362,0.83,154,190,42.11,469
1/14/2017,108,114,7.89,25,27,25.93,133
4/29/2017,134,156,14.74,53,61,29.51,187
6/27/2016,373,410,0,600,704,54.4,973
12/1/2017,415,496,14.31,196,220,32.27,611
7/16/2014,202,249,41.77,,,,
5/19/2017,312,359,11.98,122,136,37.5,434
10/23/2017,709,783,40.87,384,411,51.82,1093
4/23/2016,138,155,3.23,27,28,46.43,165
8/11/2017,321,350,12.57,171,181,43.09,492
12/19/2017,404,458,12.45,200,224,34.38,604
3/1/2018,562,639,23.16,274,303,27.72,836
3/2/2018,482,562,23.49,265,303,27.06,747
3/10/2018,220,249,20.08,100,112,37.5,320
3/4/2018,335,379,18.47,204,238,21.85,539
5/19/2015,347,419,6.68,,,,
3/8/2018,564,640,24.06,251,294,30.61,815
3/7/2018,667,760,19.61,300,353,25.5,967
3/11/2018,232,261,26.82,129,140,35.71,361
3/9/2018,506,584,20.55,223,244,35.66,729
3/6/2018,647,737,18.72,324,377,32.1,971
3/5/2018,618,704,18.61,422,468,22.86,1040
5/10/2015,129,155,14.19,,,,
11/22/2015,137,159,7.55,,,,
7/3/2018,670,725,40,265,289,22.49,935
2/6/2017,384,436,7.34,142,168,36.9,526
7/9/2016,90,93,1.08,38,46,45.65,128
11/24/2015,348,420,3.57,,,,
4/23/2015,662,714,3.78,,,,
7/17/2018,688,769,26.92,327,352,25.57,1015
1/23/2017,423,500,11.6,139,161,49.69,562
12/14/2014,60,68,50,,,,
9/3/2015,294,360,7.5,,,,
12/29/2014,109,127,48.03,,,,
11/14/2014,155,186,49.46,,,,
5/30/2016,201,212,0.94,43,57,45.61,244
7/4/2018,463,496,56.45,176,199,30.15,639
8/21/2015,422,476,4.41,,,,
4/7/2016,387,456,4.82,163,194,42.78,550
10/25/2016,336,375,0,150,163,46.01,486
9/2/2016,255,305,0,101,116,51.72,356
3/2/2015,26,36,36.11,,,,
9/19/2014,160,210,44.29,,,,
8/5/2015,525,583,3.77,,,,
6/18/2016,171,188,3.72,22,27,59.26,193
10/30/2016,129,151,0,42,55,34.55,171
3/15/2016,362,410,4.63,156,191,49.21,518
10/22/2014,172,210,43.33,,,,
6/1/2016,335,372,1.88,132,154,47.4,467
5/5/2015,480,563,6.22,,,,
11/20/2016,125,145,0.69,54,60,50,179
6/29/2014,59,67,55.22,,,,
6/15/2014,75,86,56.98,,,,
8/14/2014,142,224,51.34,,,,
9/15/2015,306,366,6.83,,,,
12/21/2016,233,255,1.57,88,100,50,321
6/10/2014,347,432,41.44,,,,
6/27/2014,172,201,49.75,,,,
5/17/2016,358,397,7.05,126,149,46.98,484
1/24/2015,70,79,56.96,,,,
4/6/2016,429,491,5.3,150,184,42.93,579
9/27/2014,49,55,69.09,,,,
10/18/2016,349,398,0,148,168,44.05,497
3/12/2018,569,647,21.48,292,332,34.04,861
5/22/2016,170,198,5.56,33,49,38.78,203
3/13/2018,579,654,21.87,279,329,29.18,858
3/14/2018,598,697,21.52,306,348,27.01,904
5/14/2015,524,583,4.29,,,,
3/15/2018,563,650,24.31,271,316,31.01,834
3/16/2018,488,559,21.82,210,247,28.34,698
3/17/2018,215,245,19.59,116,133,25.56,331
3/18/2018,233,278,25.54,132,161,29.19,365
3/19/2018,592,682,21.85,302,356,28.09,894
3/20/2018,580,656,20.27,349,395,27.09,929
3/21/2018,643,722,26.04,365,414,30.43,1008
3/22/2018,530,607,27.84,290,327,34.25,820
3/23/2018,428,481,22.87,323,365,20.82,751
3/24/2018,200,221,22.62,158,183,21.31,358
3/25/2018,218,247,24.7,161,179,21.23,379
3/26/2018,548,609,30.87,299,334,26.05,847
3/27/2018,628,715,28.11,340,386,25.13,968
3/28/2018,579,667,22.34,305,353,25.5,884
3/29/2018,514,573,25.13,307,355,22.82,821
3/30/2018,443,493,31.64,208,235,31.06,651
3/31/2018,241,277,23.47,127,143,29.37,368
4/5/2018,621,702,26.64,421,456,21.49,1042
4/22/2018,290,344,26.45,167,186,18.82,457
4/4/2018,598,675,23.56,322,363,23.14,920
4/13/2018,549,642,26.95,282,312,20.51,831
4/7/2018,221,245,28.16,128,149,30.87,349
4/2/2018,689,781,26.12,345,388,26.03,1034
4/24/2018,699,781,29.58,329,379,24.54,1028
4/9/2018,634,715,23.36,317,358,24.58,951
4/20/2018,567,631,22.82,269,302,29.8,836
4/10/2018,604,719,21.42,330,378,32.54,934
4/3/2018,644,731,25.17,365,407,21.87,1009
4/17/2018,752,873,22.22,379,427,22.48,1131
4/16/2018,757,862,23.43,301,345,27.25,1058
4/23/2018,703,819,23.93,327,359,25.07,1030
4/11/2018,692,816,25.37,338,403,30.27,1030
4/21/2018,234,283,27.56,120,140,22.14,354
4/15/2018,263,291,23.71,163,188,26.06,426
4/8/2018,254,279,31.54,172,187,25.13,426
4/6/2018,466,543,24.13,258,283,22.61,724
4/12/2018,696,792,28.03,312,358,27.93,1008
4/18/2018,717,836,21.89,350,402,23.63,1067
4/1/2018,274,305,30.82,129,139,26.62,403
4/19/2018,647,734,24.25,306,347,23.92,953
4/14/2018,233,268,29.48,131,149,23.49,364
4/25/2018,716,808,24.75,387,438,28.08,1103
4/26/2018,706,810,24.69,322,375,22.93,1028
4/27/2018,584,664,23.49,276,305,27.54,860
4/28/2018,234,270,25.56,134,158,17.09,368
4/29/2018,264,298,31.88,149,178,26.4,413
4/30/2018,659,738,26.15,356,414,21.5,1015
5/1/2018,656,742,25.47,364,399,29.57,1020
5/2/2018,671,783,29.12,367,417,22.3,1038
5/3/2018,650,749,26.7,415,457,28.67,1065
5/4/2018,539,618,29.13,321,365,30.41,860
5/5/2018,209,251,29.48,150,177,26.55,359
5/6/2018,260,302,32.12,164,184,21.2,424
5/7/2018,682,768,31.77,286,326,26.99,968
5/8/2018,648,747,29.05,390,437,26.77,1038
5/9/2018,701,779,28.24,355,398,32.16,1056
5/10/2018,595,681,31.72,306,348,32.47,901
5/11/2018,497,581,26.68,233,261,26.05,730
5/12/2018,237,277,30.32,122,134,27.61,359
5/13/2018,220,251,35.46,130,141,21.28,350
5/14/2018,650,723,34.3,328,371,24.53,978
5/15/2018,646,731,29.82,343,377,24.4,989
5/16/2018,672,776,25.52,310,346,30.64,982
4/5/2016,400,457,4.38,158,195,44.62,558
10/5/2015,348,434,5.07,,,,
7/20/2018,468,541,27.17,247,270,25.19,715
5/11/2015,357,432,7.87,,,,
7/12/2018,624,712,27.53,277,303,18.15,901
8/18/2014,132,196,37.24,,,,
12/29/2016,207,236,1.27,62,69,43.48,269
5/11/2016,292,339,3.24,118,149,38.93,410
9/10/2015,353,420,8.57,,,,
7/26/2018,605,705,27.38,343,381,23.62,948
7/22/2014,155,194,43.81,,,,
12/13/2014,55,65,50.77,,,,
7/16/2015,327,354,6.21,,,,
10/24/2014,203,252,44.84,,,,
8/12/2018,253,273,27.84,155,168,24.4,408
7/31/2014,194,252,41.67,,,,
1/18/2016,301,331,2.72,,,,
3/12/2016,109,125,2.4,34,40,32.5,143
5/14/2016,93,114,7.02,23,29,51.72,116
8/2/2016,302,354,0,167,208,44.23,469
12/6/2015,117,129,1.55,,,,
8/19/2014,163,213,42.72,,,,
8/23/2018,560,638,29.31,275,301,26.58,835
8/31/2016,386,430,0,100,118,50,486
1/6/2015,209,242,52.48,,,,
7/15/2016,292,326,0,118,139,43.88,410
10/18/2015,126,150,10.67,,,,
12/23/2014,104,116,56.9,,,,
4/26/2015,245,261,5.75,,,,
10/7/2015,342,422,8.77,,,,
12/26/2014,61,73,47.95,,,,
7/20/2015,369,398,5.78,,,,
9/1/2014,65,72,48.61,,,,
11/4/2016,253,287,0,99,122,36.07,352
8/15/2015,235,241,1.66,,,,
7/21/2015,359,424,9.43,,,,
8/10/2014,51,59,64.41,,,,
9/29/2016,372,411,0.24,190,232,43.53,562
8/4/2014,167,208,43.27,,,,
1/9/2016,102,120,0.83,,,,
7/29/2014,182,229,42.36,,,,
11/8/2014,63,83,54.22,,,,
1/28/2017,124,137,5.11,39,42,38.1,163
4/5/2015,100,107,6.54,,,,
8/2/2014,43,46,58.7,,,,
9/2/2018,213,239,36.82,140,152,22.37,353
10/11/2016,352,407,0,165,191,47.64,517
4/4/2015,96,110,4.55,,,,
10/9/2014,167,199,51.76,,,,
2/20/2015,165,198,44.95,,,,
4/11/2016,396,439,4.33,229,265,47.55,625
6/18/2015,261,292,7.88,,,,
10/2/2015,292,382,3.66,,,,
6/25/2016,108,115,0.87,45,54,44.44,153
8/24/2018,548,615,30.41,227,240,27.5,775
3/28/2015,86,95,2.11,,,,
10/13/2015,326,434,4.38,,,,
7/31/2016,104,124,0,45,53,41.51,149
5/8/2016,121,129,3.88,45,63,52.38,166
10/12/2016,375,429,0.23,174,203,45.32,549
5/17/2018,645,733,29.6,280,307,25.08,925
6/10/2015,326,388,8.25,,,,
5/18/2018,505,574,34.84,244,273,30.4,749
5/19/2018,213,229,36.68,126,130,20.77,339
9/9/2016,288,323,0,114,141,45.39,402
5/20/2018,220,248,33.06,136,151,23.18,356
1/9/2015,138,171,49.71,,,,
5/21/2018,615,714,29.69,301,341,25.81,916
5/22/2018,689,773,34.15,297,331,25.98,986
12/24/2015,142,154,1.95,,,,
5/23/2018,661,762,29.4,327,363,26.17,988
11/25/2014,148,167,53.29,,,,
5/24/2018,661,761,30.49,250,278,26.26,911
6/29/2018,484,543,30.94,233,250,24,717
5/25/2018,486,565,29.73,229,253,30.04,715
5/26/2018,188,218,28.44,97,116,23.28,285
11/15/2015,133,143,7.69,,,,
5/27/2018,216,247,41.7,131,149,18.79,347
5/28/2018,363,401,49.13,146,168,23.21,509
12/12/2015,102,121,0.83,,,,
5/29/2018,723,825,31.15,323,376,27.13,1046
6/1/2015,334,396,10.86,,,,
5/30/2018,716,799,32.54,336,396,30.05,1052
5/31/2018,625,720,29.58,271,313,25.56,896
6/1/2018,487,561,29.77,269,309,25.24,756
12/18/2014,187,229,41.48,,,,
6/2/2018,209,247,33.2,131,149,20.13,340
6/5/2018,651,753,32.93,274,301,25.58,925
6/30/2015,407,466,4.72,,,,
6/3/2018,251,296,30.41,155,175,23.43,406
6/4/2018,661,742,30.32,314,350,27.71,975
1/14/2016,316,363,4.13,,,,
8/26/2016,278,299,0.33,83,95,40,361
6/6/2018,605,708,29.52,299,332,28.61,904
6/7/2018,604,722,31.02,306,344,29.07,910
3/30/2016,386,423,3.78,214,254,29.53,600
6/8/2018,504,562,30.07,258,296,25.34,762
6/9/2018,208,242,34.3,123,135,18.52,331
8/14/2015,401,428,5.61,,,,
6/10/2018,222,246,32.93,133,141,19.15,355
12/16/2016,199,235,1.28,93,117,44.44,292
1/16/2016,113,126,3.97,,,,
6/11/2018,633,724,27.35,266,295,27.12,899
7/23/2014,139,171,43.27,,,,
6/12/2018,721,801,28.59,312,343,24.78,1033
1/7/2015,207,270,52.59,,,,
6/13/2018,687,797,27.1,331,368,25,1018
9/10/2016,132,143,0,29,33,36.36,161
6/14/2018,632,712,27.95,281,317,25.87,913
8/22/2018,640,709,26.8,299,331,30.51,939
6/16/2018,187,215,39.07,112,132,22.73,299
9/18/2016,132,144,0,46,52,48.08,178
6/15/2018,513,567,27.69,225,258,25.19,738
1/20/2016,382,440,5,,,,
8/16/2014,33,38,39.47,,,,
10/9/2015,303,398,3.52,,,,
6/17/2018,211,250,36.8,118,138,30.43,329
5/30/2015,104,119,8.4,,,,
4/1/2016,318,365,4.93,136,161,40.37,454
6/1/2014,1525,1721,41.78,,,,
6/21/2016,369,415,4.34,142,176,47.73,511
6/18/2018,607,703,30.73,268,311,22.83,875
6/19/2018,624,716,34.64,296,323,28.48,920
12/25/2015,54,60,1.67,,,,
12/24/2014,77,83,44.58,,,,
2/2/2017,403,452,9.29,149,171,42.69,552
11/16/2014,115,142,38.03,,,,
7/12/2016,334,374,0,186,237,47.68,520
12/28/2014,43,54,42.59,,,,
1/8/2016,272,304,7.24,,,,
6/5/2016,103,127,7.09,32,43,51.16,135
8/10/2015,500,549,5.46,,,,
1/15/2015,194,226,46.9,,,,
10/4/2016,428,482,0,197,242,38.84,625
1/27/2016,330,410,4.88,,,,
8/9/2018,591,668,25.9,336,362,27.07,927
6/7/2014,135,151,53.64,,,,
2/14/2016,125,130,2.31,81,95,54.74,206
12/3/2015,324,382,3.93,,,,
7/20/2016,314,382,0.26,160,200,46.5,474
6/12/2014,258,330,45.45,,,,
10/20/2015,385,473,6.34,,,,
5/15/2016,131,149,7.38,28,29,55.17,159
7/18/2016,333,394,0.25,152,185,49.73,485
1/24/2016,147,170,1.18,,,,
12/18/2016,90,97,1.03,36,38,60.53,126
6/2/2016,313,357,5.04,121,146,43.84,434
6/8/2015,347,408,11.52,,,,
7/8/2015,396,440,5.68,,,,
5/22/2015,237,272,6.99,,,,
6/29/2016,360,409,0,224,280,42.5,584
5/15/2015,311,344,6.4,,,,
4/21/2016,412,489,2.04,132,159,44.65,544
7/10/2016,109,123,0,45,52,57.69,154
11/7/2014,129,174,40.8,,,,
8/29/2016,449,481,0,127,157,40.76,576
4/9/2016,133,152,1.97,59,68,48.53,192
9/10/2018,609,682,29.33,1,1,100,610
10/2/2016,104,112,0,46,51,29.41,150
6/15/2015,302,357,7,,,,
10/12/2014,39,42,47.62,,,,
3/8/2016,429,489,4.29,135,165,39.39,564
6/11/2016,116,125,0.8,33,43,39.53,149
6/5/2014,3228,3424,67.73,,,,
9/9/2014,172,214,41.59,,,,
8/9/2014,42,50,62,,,,
2/28/2016,152,172,2.33,49,62,45.16,201
7/7/2015,358,394,4.57,,,,
9/22/2014,140,166,44.58,,,,
5/23/2015,104,126,3.97,,,,
12/5/2015,112,127,6.3,,,,
7/19/2018,603,697,29.56,289,327,29.05,892
5/20/2015,334,376,3.99,,,,
4/17/2015,449,501,6.99,,,,
1/1/2016,68,74,1.35,,,,
3/11/2016,315,358,3.07,159,191,44.5,474
12/27/2015,95,104,2.88,,,,
2/17/2015,251,298,43.29,,,,
2/5/2017,123,140,12.86,44,47,40.43,167
1/21/2015,187,226,47.79,,,,
10/1/2016,138,153,0,38,43,39.53,176
10/23/2015,299,382,8.12,,,,
10/4/2014,39,40,65,,,,
3/29/2016,383,426,2.82,200,234,32.48,583
7/14/2015,428,482,7.88,,,,
5/17/2015,112,132,8.33,,,,
11/6/2014,140,191,38.22,,,,
2/16/2015,162,193,58.55,,,,
8/12/2014,158,216,41.2,,,,
3/10/2016,394,451,3.1,231,292,44.52,625
9/12/2014,161,228,35.53,,,,
11/9/2016,345,382,0,129,152,49.34,474
12/29/2015,202,226,3.1,,,,
2/16/2016,364,417,2.4,449,514,43.39,813
7/14/2016,310,358,0,183,210,39.52,493
1/2/2017,135,153,1.96,41,49,36.73,176
3/6/2016,149,160,2.5,64,80,41.25,213
12/2/2016,328,376,0.8,112,130,31.54,440
8/3/2016,314,353,0,151,194,50,465
10/31/2016,375,452,0.22,123,148,45.27,498
11/28/2014,40,47,55.32,,,,
10/24/2016,385,442,0,137,158,41.77,522
8/27/2018,616,698,27.22,323,353,30.88,939
1/30/2016,128,140,3.57,,,,
6/7/2015,143,164,4.27,,,,
1/6/2016,339,375,3.73,,,,
12/10/2014,154,177,49.72,,,,
2/12/2015,221,267,56.18,,,,
10/29/2016,113,120,0,40,48,27.08,153
9/5/2015,106,123,3.25,,,,
11/30/2016,389,447,3.13,138,161,47.2,527
10/22/2016,128,143,0,30,37,37.84,158
2/4/2017,128,143,8.39,39,44,47.73,167
8/14/2018,603,670,28.21,309,344,28.78,912
4/28/2015,525,590,4.58,,,,
9/26/2016,314,371,0,168,206,51.46,482
2/4/2016,361,419,4.3,320,396,41.67,681
8/11/2015,450,488,4.71,,,,
8/1/2018,635,698,32.24,300,330,23.33,935
9/4/2016,147,166,0,36,38,50,183
2/6/2016,130,158,4.43,80,98,51.02,210
5/24/2016,392,461,4.12,100,128,54.69,492
11/24/2016,108,114,0,59,73,57.53,167
6/21/2015,116,124,26.61,,,,
8/21/2014,382,469,46.48,,,,
7/24/2016,116,131,0,56,65,30.77,172
5/8/2015,680,776,54.12,,,,
3/26/2016,128,140,2.14,15,18,44.44,143
7/7/2018,310,346,47.11,263,274,10.58,573
2/19/2016,323,376,5.85,315,374,53.74,638
10/6/2014,174,202,42.57,,,,
1/18/2015,88,110,55.45,,,,
8/20/2016,97,108,0,24,26,53.85,121
6/10/2016,270,294,2.38,88,104,46.15,358
8/26/2014,238,308,49.03,,,,
12/19/2015,85,97,9.28,,,,
3/19/2016,113,118,2.54,29,34,55.88,142
5/25/2014,31,34,44.12,,,,
7/31/2018,679,753,30.81,314,341,25.51,993
9/16/2015,356,442,7.47,,,,
9/21/2016,359,391,0,194,239,51.46,553
7/28/2015,306,351,6.84,,,,
3/24/2015,288,349,4.3,,,,
1/4/2017,327,374,2.14,111,126,51.59,438
2/10/2017,351,394,7.87,98,115,35.65,449
8/10/2018,474,546,23.99,271,290,18.97,745
8/5/2016,241,281,0.36,83,93,49.46,324
5/16/2016,312,342,3.22,103,117,44.44,415
5/21/2016,105,119,3.36,31,35,40,136
10/6/2016,307,347,0,191,228,48.68,498
2/3/2017,318,361,9.97,101,119,41.18,419
10/1/2014,207,248,51.21,,,,
7/4/2014,56,66,65.15,,,,
9/20/2015,120,144,6.25,,,,
11/26/2014,115,131,46.56,,,,
11/16/2015,346,429,7.23,,,,
1/20/2017,277,305,12.13,95,106,39.62,372
7/18/2018,632,695,25.47,279,310,23.55,911
10/31/2014,114,131,52.67,,,,
1/15/2017,138,152,18.42,39,48,37.5,177
6/28/2016,353,399,0,270,334,47.9,623
10/19/2014,46,51,47.06,,,,
7/23/2015,398,454,7.49,,,,
11/26/2015,124,137,2.92,,,,
5/3/2016,371,440,3.41,127,164,35.37,498
1/1/2017,84,93,0,25,26,50,109
9/11/2016,164,176,0,47,55,50.91,211
3/17/2016,357,407,2.46,163,206,50,520
11/3/2015,405,501,8.38,,,,
10/5/2014,44,54,57.41,,,,
2/21/2015,81,90,56.67,,,,
10/1/2015,306,385,5.19,,,,
5/24/2014,42,47,42.55,,,,
7/22/2016,242,301,0.33,131,158,36.71,373
11/23/2016,254,283,0,129,158,42.41,383
11/10/2015,400,488,5.12,,,,
1/31/2017,333,362,6.08,187,229,32.31,520
2/23/2015,214,242,54.55,,,,
12/19/2014,137,159,49.06,,,,
7/27/2016,310,348,0,151,183,41.53,461
9/29/2015,409,493,4.06,,,,
12/22/2016,219,251,0.8,80,93,44.09,299
5/18/2016,359,401,3.49,145,181,38.67,504
7/27/2018,491,546,27.84,259,285,28.42,750
11/27/2014,43,47,46.81,,,,
8/21/2016,126,140,0,40,52,50,166
12/17/2015,263,311,4.82,,,,
11/7/2015,116,127,1.57,,,,
11/19/2014,205,240,43.75,,,,
4/19/2015,195,202,6.93,,,,
7/19/2015,196,203,3.45,,,,
9/16/2014,196,260,40,,,,
12/24/2016,59,63,0,9,11,63.64,68
12/23/2016,149,164,0,46,48,33.33,195
10/22/2015,307,377,5.04,,,,
12/22/2014,128,137,50.36,,,,
9/26/2014,149,181,53.59,,,,
8/9/2015,299,306,2.29,,,,
5/12/2016,330,370,4.86,126,148,36.49,456
11/13/2016,133,144,0,53,63,38.1,186
8/18/2018,198,222,32.43,123,130,20.77,321
6/26/2015,459,507,8.48,,,,
6/4/2015,459,528,11.93,,,,
6/24/2014,221,263,50.19,,,,
7/8/2016,259,288,0,140,159,41.51,399
11/4/2015,345,439,10.71,,,,
6/28/2015,189,206,1.94,,,,
4/20/2016,393,442,4.52,166,198,46.97,559
7/12/2015,188,201,3.98,,,,
8/31/2015,294,335,8.06,,,,
5/5/2016,319,362,3.31,112,146,47.95,431
3/27/2016,211,225,1.78,20,22,63.64,231
7/5/2016,344,385,0.26,193,227,37.89,537
11/10/2014,163,200,43,,,,
9/29/2014,185,224,53.12,,,,
9/8/2018,251,282,28.01,2,2,50,253
10/9/2016,149,167,0,46,53,43.4,195
7/30/2016,113,118,0,24,25,32,137
1/2/2015,80,86,54.65,,,,
6/3/2016,280,311,2.89,130,149,46.31,410
2/27/2015,34,38,52.63,,,,
5/1/2016,165,189,2.65,52,64,32.81,217
6/6/2014,605,695,58.42,,,,
1/15/2016,269,296,5.07,,,,
2/7/2015,70,86,52.33,,,,
6/28/2018,543,606,33.66,247,285,29.12,790
2/8/2015,108,131,52.67,,,,
12/12/2014,113,132,53.03,,,,
9/11/2015,272,322,6.52,,,,
8/28/2015,252,290,8.62,,,,
4/2/2016,109,117,1.71,41,50,40,150
7/30/2014,152,199,37.69,,,,
10/23/2014,275,336,42.86,,,,
1/13/2016,349,397,2.52,,,,
12/12/2016,354,414,0.97,121,140,45.71,475
2/2/2016,382,442,3.39,624,743,46.03,1006
2/9/2016,358,436,4.13,258,326,44.17,616
9/11/2014,218,265,38.11,,,,
5/6/2016,299,328,4.27,108,127,43.31,407
10/27/2014,199,256,41.41,,,,
4/14/2015,477,549,15.12,,,,
2/1/2015,66,74,68.92,,,,
2/3/2015,211,264,51.89,,,,
6/13/2014,159,190,43.16,,,,
2/21/2016,140,151,5.3,85,103,54.37,225
6/16/2014,218,269,50.19,,,,
10/19/2016,311,341,0.29,151,180,48.89,462
11/3/2014,158,198,54.04,,,,
3/12/2015,256,288,5.21,,,,
7/16/2016,97,110,0,31,33,39.39,128
5/2/2016,410,476,2.94,124,156,39.1,534
2/8/2017,426,488,11.07,146,168,34.52,572
9/28/2015,334,393,5.85,,,,
9/4/2018,605,695,29.06,5,5,80,610
9/17/2016,96,108,0,28,30,73.33,124
9/6/2018,667,762,28.61,2,4,100,669
3/20/2016,159,174,1.72,62,74,64.86,221
10/10/2014,106,128,44.53,,,,
11/9/2014,54,61,57.38,,,,
12/6/2016,482,554,1.26,179,199,40.2,661
7/21/2018,199,228,31.14,117,135,21.48,316
12/27/2016,213,238,0,71,81,41.98,284
2/11/2015,222,272,51.84,,,,
4/29/2016,356,419,6.44,121,141,44.68,477
7/13/2018,454,508,28.54,244,267,16.85,698
4/10/2015,596,688,17.3,,,,
4/27/2015,624,685,6.13,,,,
11/18/2015,322,399,6.77,,,,
8/5/2018,223,248,29.44,149,161,22.36,372
8/23/2014,40,43,41.86,,,,
10/20/2016,346,391,0,127,149,47.65,473
7/26/2014,36,44,47.73,,,,
9/20/2014,58,77,41.56,,,,
10/30/2015,284,358,11.73,,,,
9/3/2014,176,211,44.55,,,,
5/7/2016,121,139,3.6,29,30,50,150
11/21/2014,151,179,48.04,,,,
11/6/2016,163,184,0,41,47,44.68,204
11/29/2014,55,62,56.45,,,,
4/26/2016,373,430,3.72,121,147,50.34,494
10/28/2014,174,199,48.74,,,,
1/2/2016,108,114,1.75,,,,
7/8/2014,231,277,45.13,,,,
10/8/2014,186,225,48.44,,,,
1/5/2016,354,393,5.09,,,,
7/8/2018,289,331,38.67,230,246,19.92,519
11/20/2015,266,356,5.34,,,,
9/15/2014,164,251,43.43,,,,
4/27/2016,388,432,4.4,168,199,46.23,556
4/11/2015,181,200,20,,,,
11/12/2016,137,163,0,39,45,33.33,176
10/17/2014,143,165,49.09,,,,
12/4/2014,173,216,44.91,,,,
3/13/2016,131,143,2.1,41,51,41.18,172
7/17/2016,109,119,0,42,52,40.38,151
2/23/2016,354,432,5.56,184,230,46.52,538
8/4/2018,227,254,30.71,140,147,18.37,367
12/20/2015,94,107,3.74,,,,
5/27/2014,232,434,24.42,,,,
8/7/2018,627,712,24.86,366,401,21.95,993
6/15/2016,330,373,2.95,119,149,46.31,449
8/16/2016,345,404,0.25,136,162,43.83,481
3/3/2015,36,36,61.11,,,,
4/19/2016,418,510,4.51,150,183,46.45,568
1/23/2016,108,121,4.13,,,,
5/3/2015,166,173,5.78,,,,
10/17/2016,365,426,0.23,134,152,44.08,499
7/10/2018,712,797,30.49,352,392,24.23,1064
12/11/2014,149,194,50.52,,,,
5/21/2015,364,442,8.14,,,,
7/1/2016,233,264,0,128,160,44.38,361
3/1/2015,10,10,70,,,,
11/21/2016,380,459,0.22,117,141,43.97,497
6/24/2015,477,531,5.84,,,,
8/1/2015,201,211,1.9,,,,
12/16/2015,267,322,6.52,,,,
6/27/2015,242,253,4.74,,,,
1/28/2015,210,245,50.2,,,,
12/1/2016,377,444,2.25,155,188,45.74,532
8/22/2015,190,203,3.45,,,,
12/7/2015,306,370,5.68,,,,
10/21/2015,294,389,2.83,,,,
7/27/2014,40,43,62.79,,,,
3/4/2016,295,345,5.22,99,115,39.13,394
2/10/2016,348,430,4.88,343,413,42.13,691
5/23/2014,133,233,21.89,,,,
8/20/2015,526,591,4.06,,,,
6/22/2016,326,377,3.71,124,146,50,450
6/22/2014,59,63,50.79,,,,
12/28/2015,237,256,4.69,,,,
8/19/2018,243,261,27.97,149,155,33.55,392
7/19/2014,48,59,45.76,,,,
5/28/2015,485,559,17.53,,,,
9/2/2014,162,202,41.58,,,,
9/3/2016,119,133,0,27,32,40.62,146
10/21/2014,161,202,44.06,,,,
4/9/2015,613,705,21.84,,,,
11/1/2014,43,49,46.94,,,,
2/8/2016,321,388,4.9,265,330,37.88,586
1/27/2015,225,290,53.1,,,,
9/1/2018,193,210,33.33,122,131,25.95,315
3/20/2015,187,224,6.25,,,,
8/30/2018,576,665,26.77,305,331,26.28,881
7/5/2015,195,202,3.96,,,,
1/30/2015,171,214,49.07,,,,
5/26/2015,419,478,5.02,,,,
5/29/2014,439,710,27.46,,,,
1/16/2017,295,331,8.16,86,98,45.92,381
4/3/2016,127,144,2.78,63,70,45.71,190
2/22/2016,412,509,5.11,185,224,43.3,597
6/14/2015,112,123,10.57,,,,
9/14/2014,55,59,50.85,,,,
7/15/2014,164,201,46.77,,,,
8/2/2018,586,645,32.25,278,304,26.64,864
10/28/2016,287,335,0,133,155,51.61,420
9/23/2016,272,299,0,108,127,55.91,380
8/12/2016,282,308,0,113,131,48.09,395
5/13/2015,348,399,9.02,,,,
9/23/2015,346,430,2.56,,,,
12/16/2014,164,201,44.78,,,,
2/14/2015,68,74,62.16,,,,
12/9/2016,258,292,1.03,100,111,43.24,358
9/7/2015,178,201,3.48,,,,
8/24/2015,335,383,8.09,,,,
8/15/2014,144,194,34.02,,,,
10/13/2016,354,410,0,159,190,44.74,513
8/11/2014,147,186,42.47,,,,
7/29/2018,251,271,32.47,180,195,25.13,431
3/5/2015,307,372,4.3,,,,
1/20/2015,234,284,51.06,,,,
8/8/2018,669,749,29.11,304,347,22.77,973
1/3/2017,301,345,0.58,100,116,47.41,401
2/18/2015,248,303,49.17,,,,
7/6/2018,618,704,40.91,563,597,14.07,1181
7/1/2018,241,255,42.75,130,143,29.37,371
7/3/2014,335,388,38.14,,,,
5/4/2016,318,382,4.71,132,156,41.03,450
7/9/2014,188,237,50.21,,,,
12/17/2016,86,90,2.22,39,45,42.22,125
2/5/2016,399,505,3.56,221,257,45.53,620
9/30/2015,312,376,7.98,,,,
8/10/2016,436,484,0.41,178,210,43.81,614
3/22/2016,393,430,5.58,130,181,40.33,523
3/21/2016,351,375,4,152,183,40.98,503
8/14/2016,116,126,0,30,37,45.95,146
6/7/2016,375,435,4.37,119,159,42.14,494
4/6/2015,292,336,4.46,,,,
10/19/2015,379,492,4.47,,,,
5/29/2016,162,181,3.87,28,36,44.44,190
1/12/2016,375,446,2.02,,,,
1/30/2017,404,454,9.47,156,178,47.19,560
9/8/2016,383,451,0,125,146,52.05,508
10/16/2016,119,137,0,37,41,65.85,156
8/27/2015,381,423,5.67,,,,
12/25/2014,23,24,54.17,,,,
7/26/2016,346,373,0,162,197,52.79,508
2/12/2016,277,331,6.04,213,256,46.48,490
6/26/2014,165,205,44.39,,,,
3/19/2015,248,277,8.3,,,,
12/8/2016,346,383,0.26,129,152,43.42,475
11/4/2014,144,178,45.51,,,,
2/12/2017,126,148,10.14,37,41,46.34,163
4/3/2015,232,261,8.05,,,,
9/5/2018,634,703,29.3,7,10,50,641
6/11/2015,316,350,10,,,,
12/28/2016,213,238,1.68,87,100,44,300
3/29/2015,140,153,1.96,,,,
9/12/2016,368,417,0,121,138,42.75,489
6/14/2016,358,396,5.05,132,185,45.95,490
9/14/2015,305,358,6.98,,,,
11/6/2015,276,331,7.86,,,,
8/27/2016,444,450,0,20,24,37.5,464
12/20/2014,37,40,52.5,,,,
7/29/2015,377,420,8.81,,,,
1/25/2015,77,93,65.59,,,,
11/30/2015,304,365,8.77,,,,
8/15/2018,649,738,23.85,303,337,26.71,952
2/25/2015,205,231,54.98,,,,
8/8/2016,300,325,0,109,129,31.78,409
11/2/2014,56,65,40,,,,
5/1/2015,322,369,5.42,,,,
9/6/2014,34,39,53.85,,,,
10/10/2016,353,389,0,118,140,47.14,471
1/31/2016,156,173,2.89,,,,
7/14/2018,200,230,30.87,139,144,18.06,339
4/25/2015,202,211,4.27,,,,
7/17/2015,318,340,4.71,,,,
1/24/2017,431,482,10.58,150,178,37.64,581
10/11/2014,49,59,37.29,,,,
12/3/2014,150,191,42.41,,,,
9/21/2015,317,384,4.17,,,,
10/13/2014,123,138,52.17,,,,
2/25/2016,393,477,1.89,168,222,47.3,561
4/22/2015,651,732,8.61,,,,
8/29/2014,151,173,46.24,,,,
5/7/2015,776,884,58.26,,,,
6/25/2015,428,485,7.01,,,,
12/26/2015,53,55,0,,,,
8/25/2018,211,240,29.58,146,155,22.58,357
12/27/2014,31,35,45.71,,,,
11/9/2015,429,513,8.19,,,,
6/22/2015,405,453,7.95,,,,
3/25/2015,305,346,2.02,,,,
7/2/2014,166,206,42.72,,,,
12/2/2014,163,206,49.51,,,,
2/18/2016,370,428,6.31,480,550,41.27,850
10/8/2016,126,144,0,31,31,54.84,157
8/18/2015,341,396,6.06,,,,
11/7/2016,432,488,0,154,193,45.08,586
7/12/2014,19,23,52.17,,,,
9/20/2016,386,450,0,145,185,38.38,531
1/29/2016,345,405,2.96,,,,
8/6/2016,78,86,0,25,28,39.29,103
11/14/2016,419,490,0.2,164,205,39.51,583
7/31/2015,346,370,5.41,,,,
8/26/2018,257,295,26.44,137,149,23.49,394
1/26/2017,350,411,7.54,153,174,39.08,503
7/7/2016,326,364,0,183,208,40.38,509
8/7/2015,494,527,2.66,,,,
6/12/2016,90,100,5,20,21,42.86,110
7/16/2018,662,725,25.1,313,370,24.05,975
2/27/2016,116,131,1.53,37,49,34.69,153
9/22/2016,371,412,0,149,180,42.22,520
8/1/2014,132,176,45.45,,,,
1/27/2017,338,386,11.14,95,106,40.57,433
1/26/2015,214,282,49.65,,,,
4/18/2016,427,503,4.57,140,181,35.36,567
11/16/2016,406,480,0,156,178,43.82,562
10/26/2014,82,98,44.9,,,,
9/8/2014,200,255,41.57,,,,
9/1/2015,279,314,5.1,,,,
9/28/2014,60,70,47.14,,,,
11/18/2016,305,358,0,111,135,37.04,416
3/3/2016,368,419,5.01,130,158,46.2,498
10/20/2014,165,190,43.16,,,,
6/4/2014,643,839,44.22,,,,
8/6/2018,586,659,26.86,440,492,19.31,1026
10/23/2016,133,147,0,49,66,42.42,182
2/26/2016,363,407,4.42,123,142,50,486
6/16/2015,287,335,6.27,,,,
12/23/2015,221,249,3.21,,,,
2/13/2016,107,120,0.83,37,42,59.52,144
7/3/2015,284,303,2.31,,,,
12/11/2016,108,121,1.65,33,46,41.3,141
8/24/2014,45,72,50,,,,
4/10/2016,193,214,4.67,141,164,53.05,334
6/8/2016,333,379,4.22,143,186,47.85,476
11/17/2015,342,411,6.57,,,,
6/4/2016,118,136,2.94,54,72,30.56,172
6/20/2016,364,407,1.97,128,171,36.84,492
1/12/2017,345,379,9.5,131,158,48.1,476
5/4/2015,376,418,8.61,,,,
9/28/2016,365,405,0,157,195,47.18,522
3/9/2016,398,468,4.7,156,206,55.83,554
6/12/2015,269,293,8.53,,,,
2/26/2015,147,173,47.4,,,,
4/21/2015,563,628,8.76,,,,
2/19/2015,228,291,48.8,,,,
1/6/2017,282,321,9.97,84,98,44.9,366
8/30/2016,380,416,0,150,172,45.93,530
10/12/2015,471,519,3.66,,,,
12/22/2015,241,275,4.36,,,,
1/21/2016,369,450,4.89,,,,
4/28/2016,415,477,4.4,171,214,43.46,586
7/10/2015,327,358,4.19,,,,
7/18/2015,193,201,0.5,,,,
10/15/2014,199,263,47.53,,,,
4/13/2016,419,484,4.96,143,183,45.36,562
6/23/2015,298,340,7.65,,,,
4/25/2016,373,452,3.98,124,147,37.42,497
4/15/2016,391,464,2.59,130,164,51.22,521
12/17/2014,164,193,44.56,,,,
9/14/2016,344,396,0,135,171,46.2,479
9/22/2015,340,415,5.54,,,,
8/6/2014,181,248,41.94,,,,
10/29/2015,380,480,7.08,,,,
3/25/2016,345,366,3.01,71,81,38.27,416
4/16/2015,542,613,9.3,,,,
3/1/2016,380,426,6.34,147,175,45.14,527
8/24/2016,366,418,0,162,199,42.71,528
8/18/2016,310,350,0,169,207,50.24,479
6/6/2016,345,384,3.91,108,137,42.34,453
8/22/2016,286,311,0,124,157,43.31,410
6/9/2016,333,379,3.69,145,184,46.74,478
3/7/2016,374,418,4.31,115,156,46.79,489
5/30/2014,636,980,30.41,,,,
9/8/2015,279,323,5.57,,,,
3/2/2016,370,419,4.3,201,248,43.55,571
8/7/2014,163,228,39.47,,,,
9/2/2015,346,391,8.7,,,,
6/3/2014,2365,2622,65.1,,,,
12/6/2014,50,53,49.06,,,,
11/12/2015,361,454,7.27,,,,
2/13/2015,147,181,59.67,,,,
5/27/2016,296,346,3.47,78,88,50,374
4/15/2015,446,520,9.62,,,,
8/23/2016,410,454,0.22,162,189,40.21,572
1/21/2017,107,123,10.57,24,28,25,131
5/19/2016,310,342,4.68,144,174,46.55,454
2/9/2015,211,263,57.03,,,,
7/13/2014,46,50,36,,,,
1/26/2016,380,423,5.91,,,,
1/28/2016,333,386,6.48,,,,
11/5/2015,382,485,6.39,,,,
9/23/2014,158,188,42.55,,,,
1/19/2016,345,418,3.35,,,,
8/4/2016,323,380,0.26,118,142,45.77,441
1/5/2017,337,372,14.25,133,160,52.5,470
3/10/2015,290,334,6.29,,,,
5/28/2014,223,415,28.92,,,,
3/27/2015,255,286,3.15,,,,
8/17/2015,417,458,3.93,,,,
9/1/2016,314,358,0,128,155,48.39,442
5/31/2014,1986,2385,45.2,,,,
7/22/2015,345,387,7.24,,,,
12/18/2015,216,261,7.66,,,,
1/13/2015,214,251,49,,,,
3/11/2015,310,361,6.09,,,,
11/28/2016,380,450,0,123,148,42.57,503
10/8/2015,412,520,4.81,,,,
6/25/2014,193,248,38.71,,,,
1/4/2016,301,345,6.96,,,,
9/4/2015,261,358,5.03,,,,
7/9/2015,375,415,7.47,,,,
1/16/2015,181,209,45.93,,,,
7/10/2014,175,228,45.61,,,,
11/27/2016,149,178,0,49,63,57.14,198
3/23/2015,286,325,0.92,,,,
7/21/2016,303,334,0,159,204,40.2,462
7/24/2015,344,374,5.35,,,,
8/25/2015,329,365,4.93,,,,
7/1/2015,407,450,6.89,,,,
6/24/2016,229,263,0,100,122,44.26,329
2/15/2017,420,499,10.62,157,183,36.61,577
7/25/2015,181,186,1.61,,,,
8/28/2016,463,484,0,37,49,53.06,500
1/7/2016,321,366,7.1,,,,
6/19/2015,271,313,5.75,,,,
5/29/2015,263,298,10.4,,,,
12/30/2014,88,114,50.88,,,,
12/7/2014,53,59,52.54,,,,
6/23/2016,344,377,0,122,144,41.67,466
9/19/2016,389,449,0,154,190,53.16,543
8/12/2015,438,486,4.53,,,,
6/18/2014,345,440,53.41,,,,
1/17/2017,384,430,9.07,134,148,44.59,518
10/26/2015,346,473,7.19,,,,
5/12/2015,341,415,7.71,,,,
6/6/2015,164,226,4.42,,,,
12/20/2016,251,281,1.78,111,130,39.23,362
4/24/2015,488,531,5.08,,,,
1/11/2016,361,414,4.83,,,,
5/10/2016,321,370,3.24,112,131,48.09,433
6/17/2014,240,310,48.71,,,,
8/8/2014,152,190,41.05,,,,
9/25/2015,251,282,4.61,,,,
5/23/2016,344,406,3.94,115,139,41.73,459
10/25/2015,143,178,11.24,,,,
12/2/2015,318,385,4.68,,,,
9/17/2014,181,245,43.27,,,,
2/29/2016,466,521,3.45,147,187,46.52,613
6/2/2014,2266,2588,49.3,,,,
8/22/2014,181,219,42.92,,,,
1/22/2016,292,334,3.89,,,,
8/20/2014,269,345,43.77,,,,
9/11/2018,347,390,24.1,1,1,100,348
6/17/2015,277,321,8.1,,,,
2/11/2016,344,414,3.38,568,661,40.7,912
6/13/2016,382,426,5.4,123,154,47.4,505
8/29/2015,112,123,7.32,,,,
11/19/2015,353,447,4.03,,,,
3/31/2015,302,345,5.8,,,,
12/8/2014,186,216,42.59,,,,
9/10/2014,191,216,47.69,,,,
1/10/2015,59,71,74.65,,,,
1/4/2015,53,61,40.98,,,,
10/30/2014,177,216,44.44,,,,
9/5/2014,158,188,38.83,,,,
3/23/2016,366,426,3.05,112,135,48.15,478
9/13/2015,121,133,9.77,,,,
3/21/2015,77,85,3.53,,,,
6/20/2018,617,680,28.24,293,320,25.31,910
6/21/2018,552,603,31.01,256,276,25,808
6/22/2018,466,517,32.69,205,234,26.5,671
6/23/2018,182,209,34.93,87,103,24.27,269
6/24/2018,215,231,38.96,125,133,16.54,340
6/25/2018,670,772,30.96,271,306,23.86,941
